INSERT INTO openhack.hackathon (id, description, discount, end_date, fee, is_closed, is_finalized, max_size, min_size, name, start_date) VALUES (1, 'hackathon event', null, '2019-06-30', 20, true, true, 5, 3, 'FakeHackathon', '2019-04-30');
INSERT INTO openhack.hackathon (id, description, discount, end_date, fee, is_closed, is_finalized, max_size, min_size, name, start_date) VALUES (2, 'big hackathon event in SJ', null, '2019-08-30', 10, true, true, 5, 2, 'Hackathon AA 2019', '2019-05-08');
INSERT INTO openhack.hackathon (id, description, discount, end_date, fee, is_closed, is_finalized, max_size, min_size, name, start_date) VALUES (3, 'One of the biggest hackathon event holding in Summer 2019. All programmars are welcome to participate in this event. The first prize for the event will be a reward of $1000 dollars. This hackathon is mainly about hackers design IoT products.', null, '2019-09-20', 10, true, false, 5, 1, 'SJ Hackathon event 2019', '2019-05-08');
INSERT INTO openhack.hackathon (id, description, discount, end_date, fee, is_closed, is_finalized, max_size, min_size, name, start_date) VALUES (4, 'This hackathon is one of the biggest hackathon events in the bay area. It is held every year with an average of 4000 hackers participating. The final reward is $10,000! Participate soon for this event!', 80, '2019-09-01', 30, false, false, 4, 1, 'Best Hackathon in Bay area', '2019-05-08');
INSERT INTO openhack.hackathon (id, description, discount, end_date, fee, is_closed, is_finalized, max_size, min_size, name, start_date) VALUES (5, 'a new hackerthon', 3, '2019-05-05', 13, false, false, 5, 2, 'new hack', '2019-04-30');
INSERT INTO openhack.hackathon (id, description, discount, end_date, fee, is_closed, is_finalized, max_size, min_size, name, start_date) VALUES (6, 'Best Hackathon in US!', 70, '2019-12-10', 20, false, false, 10, 2, 'Test Hackathon ', '2019-05-10');
INSERT INTO openhack.hackathon (id, description, discount, end_date, fee, is_closed, is_finalized, max_size, min_size, name, start_date) VALUES (7, 'test', 10, '2019-06-13', 100, false, false, 5, 1, 'HappyHack', '2019-05-08');
INSERT INTO openhack.hackathon_judges (hackathon_id, jdg_hacker_id) VALUES (1, 6);
INSERT INTO openhack.hackathon_judges (hackathon_id, jdg_hacker_id) VALUES (1, 9);
INSERT INTO openhack.hackathon_judges (hackathon_id, jdg_hacker_id) VALUES (2, 6);
INSERT INTO openhack.hackathon_judges (hackathon_id, jdg_hacker_id) VALUES (3, 21);
INSERT INTO openhack.hackathon_judges (hackathon_id, jdg_hacker_id) VALUES (4, 16);
INSERT INTO openhack.hackathon_judges (hackathon_id, jdg_hacker_id) VALUES (6, 14);
INSERT INTO openhack.hackathon_judges (hackathon_id, jdg_hacker_id) VALUES (7, 25);
INSERT INTO openhack.hackathon_sponsors (hackathon_id, spr_org_id) VALUES (2, 4);
INSERT INTO openhack.hackathon_sponsors (hackathon_id, spr_org_id) VALUES (3, 7);
INSERT INTO openhack.hackathon_sponsors (hackathon_id, spr_org_id) VALUES (4, 8);
INSERT INTO openhack.hackathon_sponsors (hackathon_id, spr_org_id) VALUES (5, 7);
INSERT INTO openhack.hackathon_sponsors (hackathon_id, spr_org_id) VALUES (6, 7);
INSERT INTO openhack.hackathon_sponsors (hackathon_id, spr_org_id) VALUES (7, 10);
INSERT INTO openhack.hibernate_sequence (next_val) VALUES (1);
INSERT INTO openhack.member (id, if_paid, role, hackeruser_id, team_id) VALUES (1, false, 'Team Lead', 9, null);
INSERT INTO openhack.member (id, if_paid, role, hackeruser_id, team_id) VALUES (2, false, 'Engineer', 6, null);
INSERT INTO openhack.member (id, if_paid, role, hackeruser_id, team_id) VALUES (3, false, 'Data Engineer', 9, null);
INSERT INTO openhack.member (id, if_paid, role, hackeruser_id, team_id) VALUES (4, false, 'Team Lead', 12, 2);
INSERT INTO openhack.member (id, if_paid, role, hackeruser_id, team_id) VALUES (5, false, 'Engineer', 13, 2);
INSERT INTO openhack.member (id, if_paid, role, hackeruser_id, team_id) VALUES (6, false, 'Team Lead', 13, 3);
INSERT INTO openhack.member (id, if_paid, role, hackeruser_id, team_id) VALUES (7, false, 'Senior Engineer', 14, 3);
INSERT INTO openhack.member (id, if_paid, role, hackeruser_id, team_id) VALUES (8, false, 'Team Lead', 13, 4);
INSERT INTO openhack.member (id, if_paid, role, hackeruser_id, team_id) VALUES (9, false, 'frontend', 19, 4);
INSERT INTO openhack.member (id, if_paid, role, hackeruser_id, team_id) VALUES (10, false, 'backend', 18, 4);
INSERT INTO openhack.member (id, if_paid, role, hackeruser_id, team_id) VALUES (11, false, 'manager', 17, 4);
INSERT INTO openhack.member (id, if_paid, role, hackeruser_id, team_id) VALUES (12, false, 'Team Lead', 13, 5);
INSERT INTO openhack.member (id, if_paid, role, hackeruser_id, team_id) VALUES (13, false, 'manager', null, 5);
INSERT INTO openhack.member (id, if_paid, role, hackeruser_id, team_id) VALUES (14, false, 'backend', null, 5);
INSERT INTO openhack.member (id, if_paid, role, hackeruser_id, team_id) VALUES (15, false, 'frontend', null, 5);
INSERT INTO openhack.member (id, if_paid, role, hackeruser_id, team_id) VALUES (16, false, 'Team Lead', 13, 6);
INSERT INTO openhack.member (id, if_paid, role, hackeruser_id, team_id) VALUES (17, false, 'manager', null, 6);
INSERT INTO openhack.member (id, if_paid, role, hackeruser_id, team_id) VALUES (18, false, 'backend', null, 6);
INSERT INTO openhack.member (id, if_paid, role, hackeruser_id, team_id) VALUES (19, false, 'frontend', null, 6);
INSERT INTO openhack.member (id, if_paid, role, hackeruser_id, team_id) VALUES (20, false, 'Team Lead', 13, 7);
INSERT INTO openhack.member (id, if_paid, role, hackeruser_id, team_id) VALUES (21, false, 'manager', null, 7);
INSERT INTO openhack.member (id, if_paid, role, hackeruser_id, team_id) VALUES (22, false, 'backend', null, 7);
INSERT INTO openhack.member (id, if_paid, role, hackeruser_id, team_id) VALUES (23, false, 'frontend', null, 7);
INSERT INTO openhack.member (id, if_paid, role, hackeruser_id, team_id) VALUES (24, false, 'Team Lead', 13, 8);
INSERT INTO openhack.member (id, if_paid, role, hackeruser_id, team_id) VALUES (25, false, 'manager', null, 8);
INSERT INTO openhack.member (id, if_paid, role, hackeruser_id, team_id) VALUES (26, false, 'backend', null, 8);
INSERT INTO openhack.member (id, if_paid, role, hackeruser_id, team_id) VALUES (27, false, 'frontend', null, 8);
INSERT INTO openhack.member (id, if_paid, role, hackeruser_id, team_id) VALUES (28, false, 'Team Lead', 13, 9);
INSERT INTO openhack.member (id, if_paid, role, hackeruser_id, team_id) VALUES (29, false, 'manager', null, 9);
INSERT INTO openhack.member (id, if_paid, role, hackeruser_id, team_id) VALUES (30, false, 'manager', null, 9);
INSERT INTO openhack.member (id, if_paid, role, hackeruser_id, team_id) VALUES (31, false, 'manager', null, 9);
INSERT INTO openhack.member (id, if_paid, role, hackeruser_id, team_id) VALUES (32, true, 'Team Lead', 13, 10);
INSERT INTO openhack.member (id, if_paid, role, hackeruser_id, team_id) VALUES (33, true, 'manager', null, 10);
INSERT INTO openhack.member (id, if_paid, role, hackeruser_id, team_id) VALUES (34, true, 'manager', 21, 10);
INSERT INTO openhack.member (id, if_paid, role, hackeruser_id, team_id) VALUES (35, true, 'manager', 19, 10);
INSERT INTO openhack.member (id, if_paid, role, hackeruser_id, team_id) VALUES (36, false, 'Team Lead', 21, 11);
INSERT INTO openhack.member (id, if_paid, role, hackeruser_id, team_id) VALUES (37, false, 'Senior Engineer', 19, 11);
INSERT INTO openhack.member (id, if_paid, role, hackeruser_id, team_id) VALUES (38, false, 'Team Lead', 13, 12);
INSERT INTO openhack.member (id, if_paid, role, hackeruser_id, team_id) VALUES (39, false, 'maneger', null, 12);
INSERT INTO openhack.member (id, if_paid, role, hackeruser_id, team_id) VALUES (40, false, 'frontend', null, 12);
INSERT INTO openhack.member (id, if_paid, role, hackeruser_id, team_id) VALUES (41, false, 'backend', null, 12);
INSERT INTO openhack.member (id, if_paid, role, hackeruser_id, team_id) VALUES (42, false, 'Team Lead', 13, 13);
INSERT INTO openhack.member (id, if_paid, role, hackeruser_id, team_id) VALUES (43, false, 'maneger', null, 13);
INSERT INTO openhack.member (id, if_paid, role, hackeruser_id, team_id) VALUES (44, false, 'frontend', null, 13);
INSERT INTO openhack.member (id, if_paid, role, hackeruser_id, team_id) VALUES (45, false, 'backend', null, 13);
INSERT INTO openhack.member (id, if_paid, role, hackeruser_id, team_id) VALUES (46, false, 'Team Lead', 16, 14);
INSERT INTO openhack.member (id, if_paid, role, hackeruser_id, team_id) VALUES (47, false, 'manager', 17, 14);
INSERT INTO openhack.member (id, if_paid, role, hackeruser_id, team_id) VALUES (48, false, 'Team Lead', 16, 15);
INSERT INTO openhack.member (id, if_paid, role, hackeruser_id, team_id) VALUES (49, false, 'engineer', 14, 15);
INSERT INTO openhack.member (id, if_paid, role, hackeruser_id, team_id) VALUES (50, false, 'Team Lead', 16, 16);
INSERT INTO openhack.member (id, if_paid, role, hackeruser_id, team_id) VALUES (51, false, 'engineer', 14, 16);
INSERT INTO openhack.member (id, if_paid, role, hackeruser_id, team_id) VALUES (52, false, 'data', 17, 16);
INSERT INTO openhack.member (id, if_paid, role, hackeruser_id, team_id) VALUES (53, false, 'Team Lead', 13, 17);
INSERT INTO openhack.member (id, if_paid, role, hackeruser_id, team_id) VALUES (54, false, 'manager', null, 17);
INSERT INTO openhack.member (id, if_paid, role, hackeruser_id, team_id) VALUES (55, false, 'ds', null, 17);
INSERT INTO openhack.member (id, if_paid, role, hackeruser_id, team_id) VALUES (56, false, 'sad', null, 17);
INSERT INTO openhack.member (id, if_paid, role, hackeruser_id, team_id) VALUES (57, false, 'Team Lead', 16, 18);
INSERT INTO openhack.member (id, if_paid, role, hackeruser_id, team_id) VALUES (58, false, 'manager', 21, 18);
INSERT INTO openhack.member (id, if_paid, role, hackeruser_id, team_id) VALUES (59, false, 'Team Lead', 13, 19);
INSERT INTO openhack.member (id, if_paid, role, hackeruser_id, team_id) VALUES (60, false, 'manager', null, 19);
INSERT INTO openhack.member (id, if_paid, role, hackeruser_id, team_id) VALUES (61, false, 'frontend', 21, 19);
INSERT INTO openhack.member (id, if_paid, role, hackeruser_id, team_id) VALUES (62, false, 'backend', 20, 19);
INSERT INTO openhack.member (id, if_paid, role, hackeruser_id, team_id) VALUES (63, false, 'Team Lead', 13, 20);
INSERT INTO openhack.member (id, if_paid, role, hackeruser_id, team_id) VALUES (64, false, 'manager', null, 20);
INSERT INTO openhack.member (id, if_paid, role, hackeruser_id, team_id) VALUES (65, false, 'frontend', 21, 20);
INSERT INTO openhack.member (id, if_paid, role, hackeruser_id, team_id) VALUES (66, false, 'backend', 20, 20);
INSERT INTO openhack.member (id, if_paid, role, hackeruser_id, team_id) VALUES (67, false, 'Team Lead', 13, 21);
INSERT INTO openhack.member (id, if_paid, role, hackeruser_id, team_id) VALUES (68, false, 'manager', 19, 21);
INSERT INTO openhack.member (id, if_paid, role, hackeruser_id, team_id) VALUES (69, false, 'frontend', 21, 21);
INSERT INTO openhack.member (id, if_paid, role, hackeruser_id, team_id) VALUES (70, false, 'backend', 20, 21);
INSERT INTO openhack.member (id, if_paid, role, hackeruser_id, team_id) VALUES (71, false, 'Team Lead', 16, 22);
INSERT INTO openhack.member (id, if_paid, role, hackeruser_id, team_id) VALUES (72, false, 'engineer', null, 22);
INSERT INTO openhack.member (id, if_paid, role, hackeruser_id, team_id) VALUES (73, false, 'Team Lead', 10, 23);
INSERT INTO openhack.member (id, if_paid, role, hackeruser_id, team_id) VALUES (74, false, 'manager', 17, 23);
INSERT INTO openhack.member (id, if_paid, role, hackeruser_id, team_id) VALUES (75, false, 'Team Lead', 10, 24);
INSERT INTO openhack.member (id, if_paid, role, hackeruser_id, team_id) VALUES (76, false, 'backend', 17, 24);
INSERT INTO openhack.member (id, if_paid, role, hackeruser_id, team_id) VALUES (77, false, 'Team Lead', 16, 25);
INSERT INTO openhack.member (id, if_paid, role, hackeruser_id, team_id) VALUES (78, false, 'manager', 17, 25);
INSERT INTO openhack.member (id, if_paid, role, hackeruser_id, team_id) VALUES (79, false, 'Team Lead', 16, 26);
INSERT INTO openhack.member (id, if_paid, role, hackeruser_id, team_id) VALUES (80, false, 'serfewf', null, 26);
INSERT INTO openhack.member (id, if_paid, role, hackeruser_id, team_id) VALUES (81, false, 'Team Lead', 16, 27);
INSERT INTO openhack.member (id, if_paid, role, hackeruser_id, team_id) VALUES (82, false, 'sdfge', 17, 27);
INSERT INTO openhack.member (id, if_paid, role, hackeruser_id, team_id) VALUES (83, false, 'Team Lead', 10, 28);
INSERT INTO openhack.member (id, if_paid, role, hackeruser_id, team_id) VALUES (84, false, 'manager', 17, 28);
INSERT INTO openhack.member (id, if_paid, role, hackeruser_id, team_id) VALUES (85, false, 'Team Lead', 10, 29);
INSERT INTO openhack.member (id, if_paid, role, hackeruser_id, team_id) VALUES (86, false, 'dasfd', 17, 29);
INSERT INTO openhack.member (id, if_paid, role, hackeruser_id, team_id) VALUES (87, false, 'Team Lead', 10, 30);
INSERT INTO openhack.member (id, if_paid, role, hackeruser_id, team_id) VALUES (88, false, 'manager', 21, 30);
INSERT INTO openhack.member (id, if_paid, role, hackeruser_id, team_id) VALUES (89, false, 'Team Lead', 10, 31);
INSERT INTO openhack.member (id, if_paid, role, hackeruser_id, team_id) VALUES (90, false, 'front', 17, 31);
INSERT INTO openhack.member (id, if_paid, role, hackeruser_id, team_id) VALUES (91, false, 'Team Lead', 16, 32);
INSERT INTO openhack.member (id, if_paid, role, hackeruser_id, team_id) VALUES (92, false, 'sdf', 17, 32);
INSERT INTO openhack.member (id, if_paid, role, hackeruser_id, team_id) VALUES (93, false, 'Team Lead', 16, 33);
INSERT INTO openhack.member (id, if_paid, role, hackeruser_id, team_id) VALUES (94, false, 'Team Lead', 16, 34);
INSERT INTO openhack.member (id, if_paid, role, hackeruser_id, team_id) VALUES (95, false, 'Team Lead', 27, 35);
INSERT INTO openhack.organization (id, city, state, street, zip, description, name, user_id) VALUES (3, null, null, null, null, 'AA', 'test', 9);
INSERT INTO openhack.organization (id, city, state, street, zip, description, name, user_id) VALUES (4, 'SJ', null, null, '95036', 'biggest org in Bay area', 'ABC', 9);
INSERT INTO openhack.organization (id, city, state, street, zip, description, name, user_id) VALUES (7, 'CUPERTINO', 'California', '10113 parkwood drive apt8', '95014', 'good engineer', 'study', 17);
INSERT INTO openhack.organization (id, city, state, street, zip, description, name, user_id) VALUES (8, 'CUPERTINO', 'California', '10113 parkwood drive apt8', '95014', null, 'janney', 17);
INSERT INTO openhack.organization (id, city, state, street, zip, description, name, user_id) VALUES (9, 'sdf', 'sdf', 'dfe', 'ssf', 'sss', 'SuperOrg', 16);
INSERT INTO openhack.organization (id, city, state, street, zip, description, name, user_id) VALUES (10, 'San Jose', 'CA', '123 Fake St', '95051', 'organization for demo purpose', 'BestCloud', 25);
INSERT INTO openhack.team (id, grade, if_all_paid, team_name, url, hackthon_id, teamlead_memberid, hackathon_id, hackthon_ids) VALUES (1, 80, false, 'Super', 'XXX', 1, 1, null, null);
INSERT INTO openhack.team (id, grade, if_all_paid, team_name, url, hackthon_id, teamlead_memberid, hackathon_id, hackthon_ids) VALUES (2, null, false, 'Rocket', null, 2, 4, null, null);
INSERT INTO openhack.team (id, grade, if_all_paid, team_name, url, hackthon_id, teamlead_memberid, hackathon_id, hackthon_ids) VALUES (3, null, false, 'Space', null, 2, 6, null, null);
INSERT INTO openhack.team (id, grade, if_all_paid, team_name, url, hackthon_id, teamlead_memberid, hackathon_id, hackthon_ids) VALUES (4, null, null, null, null, 2, 8, null, null);
INSERT INTO openhack.team (id, grade, if_all_paid, team_name, url, hackthon_id, teamlead_memberid, hackathon_id, hackthon_ids) VALUES (5, null, null, null, null, 2, 12, null, null);
INSERT INTO openhack.team (id, grade, if_all_paid, team_name, url, hackthon_id, teamlead_memberid, hackathon_id, hackthon_ids) VALUES (6, null, null, null, null, 2, 16, null, null);
INSERT INTO openhack.team (id, grade, if_all_paid, team_name, url, hackthon_id, teamlead_memberid, hackathon_id, hackthon_ids) VALUES (7, null, null, null, null, 2, 20, null, null);
INSERT INTO openhack.team (id, grade, if_all_paid, team_name, url, hackthon_id, teamlead_memberid, hackathon_id, hackthon_ids) VALUES (8, null, null, null, null, 2, 24, null, null);
INSERT INTO openhack.team (id, grade, if_all_paid, team_name, url, hackthon_id, teamlead_memberid, hackathon_id, hackthon_ids) VALUES (9, null, null, null, null, 2, 28, null, null);
INSERT INTO openhack.team (id, grade, if_all_paid, team_name, url, hackthon_id, teamlead_memberid, hackathon_id, hackthon_ids) VALUES (10, null, null, null, null, 2, 32, null, null);
INSERT INTO openhack.team (id, grade, if_all_paid, team_name, url, hackthon_id, teamlead_memberid, hackathon_id, hackthon_ids) VALUES (11, null, false, 'Sky', null, 3, 36, null, null);
INSERT INTO openhack.team (id, grade, if_all_paid, team_name, url, hackthon_id, teamlead_memberid, hackathon_id, hackthon_ids) VALUES (12, null, false, null, null, 2, 38, null, null);
INSERT INTO openhack.team (id, grade, if_all_paid, team_name, url, hackthon_id, teamlead_memberid, hackathon_id, hackthon_ids) VALUES (13, null, false, null, null, 2, 42, null, null);
INSERT INTO openhack.team (id, grade, if_all_paid, team_name, url, hackthon_id, teamlead_memberid, hackathon_id, hackthon_ids) VALUES (14, null, false, null, null, 3, 46, null, null);
INSERT INTO openhack.team (id, grade, if_all_paid, team_name, url, hackthon_id, teamlead_memberid, hackathon_id, hackthon_ids) VALUES (15, null, false, 'null', null, 3, 48, null, null);
INSERT INTO openhack.team (id, grade, if_all_paid, team_name, url, hackthon_id, teamlead_memberid, hackathon_id, hackthon_ids) VALUES (16, null, true, 'null', null, 3, 50, null, null);
INSERT INTO openhack.team (id, grade, if_all_paid, team_name, url, hackthon_id, teamlead_memberid, hackathon_id, hackthon_ids) VALUES (17, null, false, 'hackers', null, 2, 53, null, null);
INSERT INTO openhack.team (id, grade, if_all_paid, team_name, url, hackthon_id, teamlead_memberid, hackathon_id, hackthon_ids) VALUES (18, null, false, 'RRR', null, 3, 57, null, null);
INSERT INTO openhack.team (id, grade, if_all_paid, team_name, url, hackthon_id, teamlead_memberid, hackathon_id, hackthon_ids) VALUES (19, null, false, 'hakersss', null, 2, 59, null, null);
INSERT INTO openhack.team (id, grade, if_all_paid, team_name, url, hackthon_id, teamlead_memberid, hackathon_id, hackthon_ids) VALUES (20, null, false, 'hakersss', null, 2, 63, null, null);
INSERT INTO openhack.team (id, grade, if_all_paid, team_name, url, hackthon_id, teamlead_memberid, hackathon_id, hackthon_ids) VALUES (21, null, false, 'hakersss', null, 2, 67, null, null);
INSERT INTO openhack.team (id, grade, if_all_paid, team_name, url, hackthon_id, teamlead_memberid, hackathon_id, hackthon_ids) VALUES (22, null, false, 'Warrior', null, 6, 71, null, null);
INSERT INTO openhack.team (id, grade, if_all_paid, team_name, url, hackthon_id, teamlead_memberid, hackathon_id, hackthon_ids) VALUES (23, null, false, 'superteam', null, 6, 73, null, null);
INSERT INTO openhack.team (id, grade, if_all_paid, team_name, url, hackthon_id, teamlead_memberid, hackathon_id, hackthon_ids) VALUES (24, null, false, 'hhh', null, 6, 75, null, null);
INSERT INTO openhack.team (id, grade, if_all_paid, team_name, url, hackthon_id, teamlead_memberid, hackathon_id, hackthon_ids) VALUES (25, null, false, 'AAABBB', null, 6, 77, null, null);
INSERT INTO openhack.team (id, grade, if_all_paid, team_name, url, hackthon_id, teamlead_memberid, hackathon_id, hackthon_ids) VALUES (26, null, false, 'BBBCCC', null, 6, 79, null, null);
INSERT INTO openhack.team (id, grade, if_all_paid, team_name, url, hackthon_id, teamlead_memberid, hackathon_id, hackthon_ids) VALUES (27, null, true, 'DDDSSS', null, 6, 81, null, null);
INSERT INTO openhack.team (id, grade, if_all_paid, team_name, url, hackthon_id, teamlead_memberid, hackathon_id, hackthon_ids) VALUES (28, null, true, 'tea', null, 6, 83, null, null);
INSERT INTO openhack.team (id, grade, if_all_paid, team_name, url, hackthon_id, teamlead_memberid, hackathon_id, hackthon_ids) VALUES (29, null, false, 'safd', null, 6, 85, null, null);
INSERT INTO openhack.team (id, grade, if_all_paid, team_name, url, hackthon_id, teamlead_memberid, hackathon_id, hackthon_ids) VALUES (30, null, false, 'adfs', null, 6, 87, null, null);
INSERT INTO openhack.team (id, grade, if_all_paid, team_name, url, hackthon_id, teamlead_memberid, hackathon_id, hackthon_ids) VALUES (31, null, true, 'mmmm', 'null', 5, 89, null, null);
INSERT INTO openhack.team (id, grade, if_all_paid, team_name, url, hackthon_id, teamlead_memberid, hackathon_id, hackthon_ids) VALUES (32, null, false, 'GGG', null, 5, 91, null, null);
INSERT INTO openhack.team (id, grade, if_all_paid, team_name, url, hackthon_id, teamlead_memberid, hackathon_id, hackthon_ids) VALUES (33, null, false, 'VVV', null, 4, 93, null, null);
INSERT INTO openhack.team (id, grade, if_all_paid, team_name, url, hackthon_id, teamlead_memberid, hackathon_id, hackthon_ids) VALUES (34, null, false, 'MMM', null, 4, 94, null, null);
INSERT INTO openhack.team (id, grade, if_all_paid, team_name, url, hackthon_id, teamlead_memberid, hackathon_id, hackthon_ids) VALUES (35, null, false, 'HappyHacker', null, 7, 95, null, null);
INSERT INTO openhack.user (role, id, about_me, city, state, street, zip, business_title, email, password, is_verified, name, portrait, username, org_id) VALUES ('User', 1, null, null, null, null, null, null, 'vera@gmail.com', '$2a$10$FOil/RKW3rNzXAO1cONbpuG6cfNt4QwweYoK0.1jQe7roK6.1l/8y', null, null, null, 'vera', null);
INSERT INTO openhack.user (role, id, about_me, city, state, street, zip, business_title, email, password, is_verified, name, portrait, username, org_id) VALUES ('User', 2, null, null, null, null, null, null, 'hanhan@gmail.com', '$2a$10$gOM7tL7qlkzLvUgSQou1qeKynyjMXflXRDsYGwGKYLlWL.yPYO0T6', false, null, null, 'hanhan', null);
INSERT INTO openhack.user (role, id, about_me, city, state, street, zip, business_title, email, password, is_verified, name, portrait, username, org_id) VALUES ('User', 3, null, null, null, null, null, null, 'joe@gmail.com', '$2a$10$gRsS00e9ox5DpQGyXSVCg.JFL9Wp7CAjEIkw08IDNqH4ebm1him9e', true, null, null, 'joe', null);
INSERT INTO openhack.user (role, id, about_me, city, state, street, zip, business_title, email, password, is_verified, name, portrait, username, org_id) VALUES ('admin', 4, null, null, null, null, null, null, 'bobo@sjsu.edu', '$2a$10$/qq5FmITXDElBKLV5hVzc.vTQDZHA.duj1vHVHzcs1eHZv8QaVWFe', false, null, null, 'bobo', null);
INSERT INTO openhack.user (role, id, about_me, city, state, street, zip, business_title, email, password, is_verified, name, portrait, username, org_id) VALUES ('admin', 5, null, null, null, null, null, null, 'david@sjsu.edu', '$2a$10$g4gwbcETxkItVYzTFf8e2uTnRRL.g3n81xyP3v70tqWHJ5Bmf3eAW', true, null, null, 'david', null);
INSERT INTO openhack.user (role, id, about_me, city, state, street, zip, business_title, email, password, is_verified, name, portrait, username, org_id) VALUES ('hacker', 6, null, null, null, null, null, null, 'jam@gmail.com', '$2a$10$9nnHoNNO4CVblPc8V7upV.A98g9KxVOV/wgqc17B0xlejBR8gaNDa', false, null, null, 'jam', 4);
INSERT INTO openhack.user (role, id, about_me, city, state, street, zip, business_title, email, password, is_verified, name, portrait, username, org_id) VALUES ('admin', 7, 'SE', 'SJ', 'CA', '123', '95050', 'Manager', 'xiying.wang@sjsu.edu', '$2a$10$r8ScWY/B0VbOciupQwOqJe2SWqjj1.fo7E2e8O20RVFJZNAenR7ui', true, 'Anna', null, 'Wang', null);
INSERT INTO openhack.user (role, id, about_me, city, state, street, zip, business_title, email, password, is_verified, name, portrait, username, org_id) VALUES ('admin', 26, null, null, null, null, null, null, 'alice@sjsu.edu', '$2a$10$Dby3ORP5EWIT7qUdlbmYNO1r7vqkAkjeyfezOguR7odA8BuO8zmrG', true, null, null, 'Alice', null);
INSERT INTO openhack.user (role, id, about_me, city, state, street, zip, business_title, email, password, is_verified, name, portrait, username, org_id) VALUES ('hacker', 9, null, null, null, null, null, null, 'wang@test.com', '$2a$10$vi.7/YFwzA5VJtf2PIoVje9DXM9SqtzJ/k/NLu5NJArbZ.Kw34/KC', true, null, null, 'test', 4);
INSERT INTO openhack.user (role, id, about_me, city, state, street, zip, business_title, email, password, is_verified, name, portrait, username, org_id) VALUES ('hacker', 10, null, null, null, null, null, null, 'tester@gmail.com', '$2a$10$T4hEQUkVJMppH/DBtHvepO8qsB4bwb.5Za3NnT1kl6AELghTdtqNy', true, null, null, 'abc', null);
INSERT INTO openhack.user (role, id, about_me, city, state, street, zip, business_title, email, password, is_verified, name, portrait, username, org_id) VALUES ('admin', 11, null, null, null, null, null, null, 'admin@sjsu.edu', '$2a$10$2F00iEuIRHUyYAV91gLMJef.gSOIUwyLA4JhVuXl98lScjCtq4Llq', true, 'abc', null, 'admin', null);
INSERT INTO openhack.user (role, id, about_me, city, state, street, zip, business_title, email, password, is_verified, name, portrait, username, org_id) VALUES ('hacker', 12, null, null, null, null, null, null, 'alice@gmail.com', '$2a$10$b17YCEd4pZwQAaHNVJp06eZfeTeZOz05eomU7Cyk5WR9c6L1k0hGu', false, null, null, 'alice123', null);
INSERT INTO openhack.user (role, id, about_me, city, state, street, zip, business_title, email, password, is_verified, name, portrait, username, org_id) VALUES ('hacker', 13, null, null, null, null, null, null, 'john@gmail.com', '$2a$10$5RgnDeGCED2Ez8kYfg/OyO9qx9F1vX0PhTW8dammkW/6lEQylS29q', false, null, null, 'john456', null);
INSERT INTO openhack.user (role, id, about_me, city, state, street, zip, business_title, email, password, is_verified, name, portrait, username, org_id) VALUES ('hacker', 14, null, null, null, null, null, null, 'jamie@gmail.com', '$2a$10$UPYNIFar7iNOmuutFUdHfuVSkDiOHHlXMDpAH0VvBipchGlcIyB8S', false, null, null, 'jamie456', null);
INSERT INTO openhack.user (role, id, about_me, city, state, street, zip, business_title, email, password, is_verified, name, portrait, username, org_id) VALUES ('hacker', 15, null, null, null, null, null, null, 'yang.chen.sv@gmail.com', '$2a$10$paHn0NFPG4fczT3/dS3E6.WCPkxWqPgCx3fpUuP5Xz5SGh6VtXHAi', false, null, null, 'cy19890513', null);
INSERT INTO openhack.user (role, id, about_me, city, state, street, zip, business_title, email, password, is_verified, name, portrait, username, org_id) VALUES ('hacker', 16, null, null, null, null, null, null, 'verawang0112@gmail.com', '$2a$10$Q6uqrzMwSyyv5dfRNd0bZ.yO31IE5zA13ryR0abNo2BB.maYN1kWS', true, null, null, 'vera123', 9);
INSERT INTO openhack.user (role, id, about_me, city, state, street, zip, business_title, email, password, is_verified, name, portrait, username, org_id) VALUES ('hacker', 17, 'good engineer', 'CUPERTINO', 'California', '10113 parkwood drive apt8', '95014', 'engineer', 'han@gmail.com', '$2a$10$4EQUgpScBmE.sZoLAZbFD.E8r1c/xewBCPFbo8N7qwEJm6stacmCu', true, 'han', null, 'han''han', 7);
INSERT INTO openhack.user (role, id, about_me, city, state, street, zip, business_title, email, password, is_verified, name, portrait, username, org_id) VALUES ('hacker', 18, null, null, null, null, null, null, 'stark@test.com', '$2a$10$cKqvRwEgSGDz6zWRforg7eNfvQsMexEAIAEPkMYwiIvFuyjN9rila', false, null, null, 'stark123', null);
INSERT INTO openhack.user (role, id, about_me, city, state, street, zip, business_title, email, password, is_verified, name, portrait, username, org_id) VALUES ('hacker', 19, null, null, null, null, null, null, 'janney@gmail.com', '$2a$10$VcdKwlo19meVXxqPUvBg/uCwt7Zk.sEnUk5XlzQNc65MQSdesrm4m', true, null, null, 'janney', null);
INSERT INTO openhack.user (role, id, about_me, city, state, street, zip, business_title, email, password, is_verified, name, portrait, username, org_id) VALUES ('hacker', 20, null, null, null, null, null, null, 'liruii280@gmail.com', '$2a$10$.8ofqj5/aZncGnWiB/CWPumMwLoznZykzDDBPyVrS3h27jwVO4R0i', false, null, null, 'hacker', null);
INSERT INTO openhack.user (role, id, about_me, city, state, street, zip, business_title, email, password, is_verified, name, portrait, username, org_id) VALUES ('hacker', 21, null, 'san jose', 'CA', null, null, null, 'monica@test.com', '$2a$10$VJryiaGu7KRAz6I/mqxY8.V/ZfdG3s4umHu6kSOVXr.R.eHIl8n72', true, 'Monica', null, 'monica', null);
INSERT INTO openhack.user (role, id, about_me, city, state, street, zip, business_title, email, password, is_verified, name, portrait, username, org_id) VALUES ('admin', 22, 'none', 'CUPERTINO', 'CA', 'book', '95014', 'None', 'han@sjsu.edu', '$2a$10$DQB8E.oBd5ZAS.u3FCofFeRAzyIpNaa96YzmbNJ1H961.cYg8yrLG', true, 'user', null, 'test1', null);
INSERT INTO openhack.user (role, id, about_me, city, state, street, zip, business_title, email, password, is_verified, name, portrait, username, org_id) VALUES ('admin', 23, null, null, null, null, null, null, 'test@sjsu.edu', '$2a$10$2F00iEuIRHUyYAV91gLMJef.gSOIUwyLA4JhVuXl98lScjCtq4Llq', null, null, null, 'adminuser', null);
INSERT INTO openhack.user (role, id, about_me, city, state, street, zip, business_title, email, password, is_verified, name, portrait, username, org_id) VALUES ('admin', 24, null, null, null, null, null, null, 'newadmin@sjsu.edu', '$2a$10$2F00iEuIRHUyYAV91gLMJef.gSOIUwyLA4JhVuXl98lScjCtq4Llq', null, null, null, 'newadmin', null);
INSERT INTO openhack.user (role, id, about_me, city, state, street, zip, business_title, email, password, is_verified, name, portrait, username, org_id) VALUES ('hacker', 25, null, null, null, null, null, null, 'bob@gmail.com', '$2a$10$nh/ztPwwjPlpctM8pV5geukDT2SGCabOsdfvFzyyTYBZoylH74X0S', true, null, null, 'Bob', 10);
INSERT INTO openhack.user (role, id, about_me, city, state, street, zip, business_title, email, password, is_verified, name, portrait, username, org_id) VALUES ('hacker', 27, null, null, null, null, null, null, 'carl@gmail.com', '$2a$10$MQQFfM4pQXrv7DdQiP4FG.yBYiRflXxtQytYJVAPIX5CeibSPyBAK', true, null, null, 'Carl', null);
